ID,name,owner,address
550e8400-e29b-41d4-a716-446655440000,Central Warehouse,ABC Logistics,123 Industrial Area Chandigarh
550e8400-e29b-41d4-a716-446655440001,North Storage Hub,XYZ Supply Co,45 Sector 17 Chandigarh
550e8400-e29b-41d4-a716-446655440002,East Distribution Center,QuickMove Ltd,88 Phase 1 Mohali
550e8400-e29b-41d4-a716-446655440003,West Depot,TransWare Inc,12 Sector 8 Panchkula
550e8400-e29b-41d4-a716-446655440004,South Logistics Hub,FastTrack Pvt Ltd,222 Industrial Park Zirakpur
550e8400-e29b-41d4-a716-446655440005,Metro Warehouse,Reliant Storage,67 Sector 34 Chandigarh
550e8400-e29b-41d4-a716-446655440006,Prime Storage,LogiChain Solutions,9 IT Park Chandigarh
550e8400-e29b-41d4-a716-446655440007,City Depot,UrbanMove Logistics,101 Sector 22 Chandigarh
550e8400-e29b-41d4-a716-446655440008,Global Warehouse,Global Freight Ltd,55 Airport Road Mohali
550e8400-e29b-41d4-a716-446655440009,Elite Storage,Elite Transport Co,77 Business Zone Panchkula